{"baseline": [534.05, 500.12, 537.18, 700.06, 574.67, 519.35], "release_thresh": [504.05, 470.12, 507.18, 670.06, 544.67, 489.349984], "press_thresh": [484.05, 450.12, 487.18, 650.06, 524.67, 469.349984]}
